{
  "numSources": 2,
  "sources": [
    "Buses",
    "WiFi"
  ],
  "heatmaps": {
    "Buses": [
      {
        "x": 0.11838197708129883,
        "y": 52.20530548445898,
        "value": 20
      },
      {
        "x": 0.11780261993408203,
        "y": 52.202885820688415,
        "value": 16
      }
    ],
    "WiFi" : [
      {
        "x": 0.12214243412017822,
        "y": 52.20537123435309,
        "value": 8
      }
    ]
  }
}